{"version":"0.1.0","name":"clever_airsol","constants":[{"name":"USER_TAG","type":{"defined":"&[u8]"},"value":"b\"USER_STATE\""},{"name":"AIRSOL_TAG","type":{"defined":"&[u8]"},"value":"b\"AIRSOL_STATE\""},{"name":"BOOK_TAG","type":{"defined":"&[u8]"},"value":"b\"BOOK_STATE\""}],"instructions":[{"name":"initializeUser","accounts":[{"name":"authority","isMut":true,"isSigner":true},{"name":"userProfile","isMut":true,"isSigner":false},{"name":"systemProgram","isMut":false,"isSigner":false}],"args":[]},{"name":"addAirsol","accounts":[{"name":"userProfile","isMut":true,"isSigner":false},{"name":"airsolAccount","isMut":true,"isSigner":false},{"name":"authority","isMut":true,"isSigner":true},{"name":"systemProgram","isMut":false,"isSigner":false}],"args":[{"name":"location","type":"string"},{"name":"country","type":"string"},{"name":"price","type":"string"},{"name":"img","type":"string"}]},{"name":"updateAirsol","accounts":[{"name":"userProfile","isMut":true,"isSigner":false},{"name":"airsolAccount","isMut":true,"isSigner":false},{"name":"authority","isMut":true,"isSigner":true},{"name":"systemProgram","isMut":false,"isSigner":false}],"args":[{"name":"airsolIdx","type":"u8"},{"name":"location","type":"string"},{"name":"country","type":"string"},{"name":"price","type":"string"},{"name":"img","type":"string"}]},{"name":"removeAirsol","accounts":[{"name":"userProfile","isMut":true,"isSigner":false},{"name":"airsolAccount","isMut":true,"isSigner":false},{"name":"authority","isMut":true,"isSigner":true},{"name":"systemProgram","isMut":false,"isSigner":false}],"args":[{"name":"airsolIdx","type":"u8"}]},{"name":"bookAirsol","accounts":[{"name":"userProfile","isMut":true,"isSigner":false},{"name":"bookingAccount","isMut":true,"isSigner":false},{"name":"authority","isMut":true,"isSigner":true},{"name":"systemProgram","isMut":false,"isSigner":false}],"args":[{"name":"idx","type":"u8"},{"name":"date","type":"string"},{"name":"location","type":"string"},{"name":"country","type":"string"},{"name":"price","type":"string"},{"name":"img","type":"string"}]},{"name":"cancelBooking","accounts":[{"name":"userProfile","isMut":true,"isSigner":false},{"name":"bookingAccount","isMut":true,"isSigner":false},{"name":"authority","isMut":true,"isSigner":true},{"name":"systemProgram","isMut":false,"isSigner":false}],"args":[{"name":"bookingIdx","type":"u8"}]}],"accounts":[{"name":"UserProfile","type":{"kind":"struct","fields":[{"name":"authority","type":"publicKey"},{"name":"lastAirsol","type":"u8"},{"name":"airsolCount","type":"u8"}]}},{"name":"AirsolAccount","type":{"kind":"struct","fields":[{"name":"authority","type":"publicKey"},{"name":"idx","type":"u8"},{"name":"location","type":"string"},{"name":"country","type":"string"},{"name":"image","type":"string"},{"name":"price","type":"string"},{"name":"isReserved","type":"bool"}]}},{"name":"BookingAccount","type":{"kind":"struct","fields":[{"name":"authority","type":"publicKey"},{"name":"date","type":"string"},{"name":"idx","type":"u8"},{"name":"location","type":"string"},{"name":"country","type":"string"},{"name":"image","type":"string"},{"name":"price","type":"string"},{"name":"isReserved","type":"bool"}]}}]}